<everything>
    <people>
        <person>
            <name>Mir Hossein Mousavi</name>
            <kind>Presidential Candidate of 2009 Iran's Elections</kind>
            <location>Tehran, Iran</location>
            <history>In 2009 Iranian Presidential election, Mousavi came out of semi-retirement and ran as one of two Reformist candidates against the Administration of incumbent President Mahmoud Ahmadinejad. However he failed to win the election, and following alleged vote rigging and manipulation, his campaign sparked a long protest that eventually turned into a national movement against the Government and Supreme Leader Ali Khamenei. Despite the violent crackdown, he remains the leader of the Green Movement but his movements have remained severely restricted. He chose green as his campaign color, a color which has since become pervasive in Iran. He is currently under house arrest along with his wife and Mehdi Karroubi.</history>
            <images>
                <link>http://upload.wikimedia.org/wikipedia/commons/5/59/Mir_Hossein_Mousavi_in_Zanjan_by_Mardetanha.jpg</link>
                <link>http://newsimg.bbc.co.uk/media/images/45805000/jpg/_45805312_007298103-1.jpg</link>
            </images>
            <videos>
                <link>http://www.youtube.com/watch?v=a0yxKpX0iac&amp;feature=related</link>
            </videos>
            <social_networks>
                <link>http://www.facebook.com/mousavi</link>
            </social_networks>
            <external_links>
                <link>http://news.bbc.co.uk/2/hi/middle_east/8103851.stm</link>
            </external_links>
            <related_crises>
                <crisisRef>Iranian_Green_Movement</crisisRef>
            </related_crises>
            <related_orgs>
                <orgRef>International_Campaign_for_Human_Rights_in_Iran</orgRef>
            </related_orgs>
        </person>
        <person>
            <name>Rebiya Kadeer</name>
            <kind>human rights activist, president of WUC</kind>
            <location>Virginia, USA</location>
            <history>Rebiya Kadeer is a Uyghur human rights activist with origins in Xinjiang, China. Kadeer is the symbolic leader of Uighur self-determination movement in her capacity as President of the World Uyghur Congress, a group that advocates for greater autonomy for Uyghurs in China and fights against what they consider to be oppressive policies of the Chinese government. She lives in the United States. It is worth noting that Kadeer was not always at odds with the government, and was once welcomed as an appointed delegate to the eighth session of the Chinese People's Political Consultative Conference, the National People's Congress and was a representative to the UN Fourth World Conference for Women in Beijing in 1995. Kadeer has also served as vice chairwoman of the Xinjiang Autonomous Region Federation of Industry and Commerce, and vice chairwoman of the Xinjiang Association of Women Entrepreneurs. She has been the president of the World Uyghur Congress since November 2006. Kadeer has been active in defending the rights of the largely Muslim Uyghur minority, who have been subject to oppression at the hands of the Chinese government.</history>
            <images>
                <link>http://upload.wikimedia.org/wikipedia/commons/1/15/Rebiya_Kadeer_(2).jpg</link>
            </images>
            <videos>
                <link>http://www.youtube.com/watch?v=AXfxKFd67UI</link>
                <link>http://www.youtube.com/watch?v=Mohvi4Ov6wY</link>
            </videos>
            <social_networks>
                <link>https://twitter.com/#!/rebiyakadeer</link>
                <link>https://twitter.com/#!/10ConditionLove</link>
            </social_networks>
            <external_links>
                <link>http://thesnowlionblog.blogspot.com/2009/04/rebiya-kadeer-human-rights-champion-for.html</link>
                <link>http://www.csmonitor.com/World/Asia-Pacific/2009/0709/p06s15-woap.html</link>
                <link>http://news.bbc.co.uk/2/hi/asia-pacific/4357607.stm</link>
            </external_links>
            <related_crises>
                <crisisRef>Xinjiang_Riots</crisisRef>
            </related_crises>
            <related_orgs>
                <orgRef>World_Uyghur_Congress</orgRef>
            </related_orgs>
        </person>
        <person>
            <name>Bashar al-Assad</name>
            <kind>Current President of Syria</kind>
            <location>Damascus, Syria</location>
            <history>Bashar Hafez al-Assad ; born 11 September 1965) is the current President of Syria and Regional Secretary of the Syrian-led branch of the Arab Socialist Ba'ath Party. His father Hafez al-Assad ruled Syria for 29 years until his death in 2000.
Al-Assad graduated from the medical school of the University of Damascus in 1988, and started to work as a doctor in the army. Four years later, he attended postgraduate studies at the Western Eye Hospital, in London, specializing in ophthalmology. In 1994, Al-Assad entered the military academy and in 1998, Al-Assad took charge of the Syrian occupation of Lebanon. In December 2000, Assad married Asma Assad, Akhras. Al-Assad was elected as President of Syria in 2000 and 2007, unopposed each time. During the Syrian uprising, activists and protesters have called for President al-Assad's resignation. </history>
            <images>
                <link>http://upload.wikimedia.org/wikipedia/commons/7/7d/Bashar_al-Assad_%28cropped%29.jpg</link>
            </images>
            <videos>
                <link>http://media.smh.com.au/selections/syria-cabinet-sworn-in-amid-violence-3407301.html</link>
                <link>http://www.guardian.co.uk/world/video/2012/jun/03/syria-assad-denies-responsibility-houla-massacre-video</link>
            </videos>
            <social_networks>
                <link>http://sana.sy/eng/article/5.htm</link>
            </social_networks>
            <external_links>
                <link>http://sana.sy/eng/article/5.htm</link>
            </external_links>
            <related_crises>
                <crisisRef>Syrian_Uprising</crisisRef>
            </related_crises>
            <related_orgs>
                <orgRef>Amnesty_International</orgRef>
            </related_orgs>
        </person>
        <person>
            <name>Mustafa Abdul Jalil</name>
            <kind>Chairman of the National Transitional Council of Libya</kind>
            <location>Libya</location>
            <history>From 2007 to 2011, Abdul Jalil was Minister of Justice (officially, the Secretary of the General People's Committee of Justice) under Colonel Muammar Gaddafi. He has been noted in some news media for his stance against various human rights violations in Libya, although others express a different view and accuse him, for example, of intransigence during the appeal by the Bulgarian nurses (that sentence was later converted to life imprisonment and the nurses were eventually released). During the civil war, Abdul Jalil was identified as the Chairman of the National Transitional Council based in Benghazi, although this position was contested by others in the uprising due to his past direct participation in Gaddafi's government as Minister of Justice for four years until 2011. </history>
            <images>
                <link>http://1.bp.blogspot.com/-tHBHlck16yA/TqK7Lqeh2TI/AAAAAAAACd0/7OSD4-lQukw/s1600/head+bump.jpg</link>
                <link>http://a.abcnews.go.com/images/International/42daef1774e44bd78ea83fd9878c269d.jpg</link>
            </images>
            <videos>
                <link>http://youtu.be/eNLc_OuPVxQ</link>
            </videos>
            <social_networks>
                <link>http://www.facebook.com/pages/%D9%85%D8%B5%D8%B7%D9%81%D9%89-%D8%B9%D8%A8%D8%AF-%D8%A7%D9%84%D8%AC%D9%84%D9%8A%D9%84/134535143287038?rf=135221043216666</link>
                <link>http://twitter.com/#!/mustafaajalil</link>
            </social_networks>
            <external_links>
                <link>http://www.bbc.co.uk/news/world-africa-14613679</link>
            </external_links>
            <related_crises>
                <crisisRef>Libyan_Civil_War</crisisRef>
            </related_crises>
        </person>
    </people>
    <crises>
        <crisis>
            <name>Libyan Civil War</name>
            <kind>Civil War</kind>
            <location>Libya</location>
            <date_and_time>Feb 15 2011</date_and_time>
            <human_impact>Over 13,000 deaths, 50,000 refugees</human_impact>
            <resources_needed>medicine, fuel, food</resources_needed>
            <history>The Libyan civil war also referred to as the Libyan Revolution, was an armed conflict in the North African state of Libya, fought between forces loyal to Colonel Muammar Gaddafi and those seeking to oust his government. The war was preceded by protests in Benghazi beginning on Tuesday, 15 February 2011, which led to clashes with security forces that fired on the crowd. The protests escalated into a rebellion that spread across the country, with the forces opposing Gaddafi establishing an interim governing body, the National Transitional Council. </history>
            <images>
                <link>http://www.socialistparty.net/images/stories/libyan%20revolt.jpg</link>
                <link>http://fifp.files.wordpress.com/2011/04/2011_middle_east_revolutions_-_libyans_protesting_on_tank.jpg</link>
                <link>http://www.flixya.com/files-photo/r/i/m/rimawi-1965850.jpg</link>
                <link>http://nimg.sulekha.com/others/original700/libya-2011-2-26-12-20-0.jpg</link>
            </images>
            <videos>
                <link>http://youtu.be/8OzwkCGJlAI</link>
            </videos>
            <social_networks>
                <link>http://www.facebook.com/Liibyan.Revolution</link>
                <link>http://www.facebook.com/Libyan4Life</link>
            </social_networks>
            <external_links>
                <link>http://www.ntc.gov.ly</link>
            </external_links>
            <related_orgs>
                <orgRef>International_Criminal_Court</orgRef>
            </related_orgs>
            <related_people>
                <personRef>Mustafa_Abdul_Jalil</personRef>
            </related_people>
        </crisis>
        <crisis>
            <name>Syrian Uprising</name>
            <kind>violent internal conflict in Syria</kind>
            <location>Syria</location>
            <date_and_time>2011-present</date_and_time>
            <human_impact>10,537-10,770 killed overall (government claim)*, 15,200\-16,360 killed overall (opposition claims)*, 35,000 wounded overall, 240,000 displaced (180,000 refugees)</human_impact>
            <economic_impact>fuel shortages, currency problems &amp; sanctions</economic_impact>
            <resources_needed>recouses for refugees, human rights</resources_needed>
            <ways_to_help>http://www.wikihow.com/Help-the-Syrian-Revolution-from-Where-You-Are</ways_to_help>
            <history>The Syrian uprising, is an ongoing, violent internal conflict in Syria. It began on 26 January 2011 with public demonstrations as part of the wider Arab Spring and developed into a nationwide uprising. Protesters demanded the end to nearly five decades of Ba'ath Party rule, which was then and currently headed by President Bashar al-Assad. </history>
            <images>
                <link>http://www.google.com/imgres?hl=en&amp;sa=X&amp;biw=1680&amp;bih=941&amp;tbm=isch&amp;prmd=imvnsu&amp;tbnid=6No5lmE413pmDM:&amp;imgrefurl=http://www.supplychaindigital.com/global_logistics/syrian-uprising-deals-ocean-shipping-a-major-blow&amp;docid=JIY78reYqD8B0M&amp;imgurl=http://www.supplychaindigital.com/global_logistics/Syrian%252520Uprising%252520Protests.jpg&amp;w=610&amp;h=335&amp;ei=llvrT9baCMqW2QXm-52wAQ&amp;zoom=1&amp;iact=hc&amp;vpx=391&amp;vpy=165&amp;dur=163&amp;hovh=166&amp;hovw=303&amp;tx=156&amp;ty=87&amp;sig=105712859579245472816&amp;page=1&amp;tbnh=103&amp;tbnw=188&amp;start=0&amp;ndsp=35&amp;ved=1t:429,r:1,s:0,i:79</link>
            </images>
            <videos>
                <link>http://www.aljazeera.com/news/middleeast/2012/06/2012627132722216959.html</link>
            </videos>
            <social_networks>
                <link>http://www.facebook.com/syrianuprising</link>
            </social_networks>
            <external_links>
                <link>http://www.focus-fen.net/index.php?id=n281597</link>
            </external_links>
            <related_orgs>
                <orgRef>Amnesty_International</orgRef>
            </related_orgs>
            <related_people>
                <personRef>Bashar_al-Assad</personRef>
            </related_people>
        </crisis>
        <crisis>
            <name>Iranian Green Movement</name>
            <kind>Uprising</kind>
            <location>Iran</location>
            <date_and_time>May 2009</date_and_time>
            <human_impact>In the aftermath of the election, protests were widened and several massive protests were held around the country by the people. The government arrested a large number of the protesters and several were killed by the police and governmental militia forces. Handala, coming and watching the Iranian Green Movement, has become a web mascot. Although the Iranian government prohibited any form of gathering by opposition-supporters in Tehran and across the country, significantly slowed down internet access and censored any form of media agreeing with the opposition, hundreds of thousands of Iranians chanted this motto, defying the law and challenging the Islamic Republic.</human_impact>
            <resources_needed>World Support</resources_needed>
            <ways_to_help>Oppose a Military Strike on Iran, Call for the Release of Opposition Leaders Under House Arrest, Call for the release of imprisoned human rights lawyer Nasrin Sotoudeh!</ways_to_help>
            <history>Protests following the 2009 Iranian presidential election against the disputed victory of Iranian President Mahmoud Ahmadinejad and in support of opposition candidates Mir-Hossein Mousavi and Mehdi Karroubi occurred in major cities in Iran and around the world starting 13 June 2009. The protests were given several titles by their proponents including Green Revolution, Green Wave or Sea of Green, reflecting presidential candidate Mousavi's campaign color, and also Persian Awakening. The creation of the Iranian Green Movement was developed during these protests. The events have also been nicknamed the "Twitter Revolution" because of the protesters' reliance on Twitter and other social-networking Internet sites to communicate with each other. Islamic politician Ata'ollah Mohajerani blasted the election as "the end of the Islamic Republic". In response to the protests, other groups rallied in Tehran to support Ahmadinejad. Widespread editorial analyses assert that the 2009 election marks the official end of the Islamic Republic and the beginning of the Islamic emirate or an imamate regime. All three opposition candidates claimed that the votes were manipulated and the election was rigged, and candidates Mohsen Rezaee and Mousavi have lodged official complaints. Mousavi announced that he "won't surrender to this manipulation" before lodging an official appeal against the result to the Guardian Council on 14 June. Ayatollah Ali Khamenei declared the unprecedented voter turnout and coinciding religious holidays as a "divine assessment" and urged the nation to unite, but later ostensibly ordered an investigation into the claims of voting fraud and irregularities as per the request of the Green movement leaders. Mousavi is not optimistic about his appeal, saying that many of the group's members "during the election were not impartial". Ahmadinejad called the election "completely free" and the outcome "a great victory" for Iran, dismissing the protests as little more than "passions after a soccer match". Police and the Basij (a paramilitary group) suppressed both peaceful demonstrating and rioting by using batons, pepper spray, sticks and, in some cases, firearms. The Iranian government has confirmed the deaths of 36 people during the protests, while unconfirmed reports by supporters of Mousavi allege that there have been 72 deaths (twice as many) in the three months following the disputed election. Iranian authorities have closed universities in Tehran, blocked web sites, blocked cell phone transmissions and text messaging, and banned rallies.</history>
            <images>
                <link>http://upload.wikimedia.org/wikipedia/commons/thumb/6/66/6th_Day_-_Mousavi_inside_the_Crowd.jpg/800px-6th_Day_-_Mousavi_inside_the_Crowd.jpg</link>
            </images>
            <videos>
                <link>http://www.youtube.com/watch?v=quPXg_GoTOk&amp;feature=related</link>
            </videos>
            <social_networks>
                <link>http://www.facebook.com/Persian.Green.Movement</link>
            </social_networks>
            <external_links>
                <link>http://en.irangreenvoice.com</link>
            </external_links>
            <related_orgs>
                <orgRef>International_Campaign_for_Human_Rights_in_Iran</orgRef>
            </related_orgs>
            <related_people>
                <personRef>Mir_Hossein_Mousavi</personRef>
            </related_people>
        </crisis>
        <crisis>
            <name>Xinjiang Riots</name>
            <kind>anti-government/ethnic protest</kind>
            <location>Urumqi, Xinjiang Uyghur Autonomous Region, China</location>
            <date_and_time>5 July 2009</date_and_time>
            <human_impact>197 deaths, 1721 injured</human_impact>
            <economic_impact>Uyghur businesses destroyed by Chinese mob</economic_impact>
            <history>The July 2009 Xinjiang riots were a series of violent riots over several days that broke out on 5 July 2009 in Urumqi, the capital city of the Xinjiang Uyghur Autonomous Region (XUAR), in northwestern People's Republic of China (PRC). The first day's rioting, which involved at least 1,000 Uyghurs, began as a protest but escalated into violent attacks that mainly targeted Han ("ethnic Chinese") people. People's Armed Police were deployed, and two days later hundreds of Han people clashed with both police and Uyghurs. PRC officials said that a total of 197 people died, with 1,721 others injured and many vehicles and buildings destroyed; on the other hand, Uyghur exile groups say the death toll is higher. Many men disappeared during wide-scale police sweeps in the days following the riots; Human Rights Watch (HRW) documented 43 cases and said figures for real disappearances were likely to be much higher. </history>
            <images>
                <link>http://www.farwestchina.com/wp-content/uploads/2011/07/Urumqi-Riots.jpg</link>
                <link>http://english.people.com.cn/mediafile/200907/07/P200907072014041872629287.jpg</link>
                <link>http://english.people.com.cn/mediafile/200907/07/P200907072014352294282832.jpg</link>
                <link>http://english.people.com.cn/mediafile/200907/07/P200907072018061766028774.jpg</link>
                <link>http://english.people.com.cn/mediafile/200907/07/P200907072017392257014210.jpg</link>
                <link>http://english.people.com.cn/mediafile/200907/07/P200907072017145684313201.jpg</link>
                <link>http://english.people.com.cn/mediafile/200907/07/P200907072016482444221649.jpg</link>
                <link>http://english.people.com.cn/mediafile/200907/07/P200907072016212332964133.jpg</link>
                <link>http://english.people.com.cn/mediafile/200907/07/P200907072015483259527910.jpg</link>
                <link>http://english.people.com.cn/mediafile/200907/07/P200907072015165972213332.jpg</link>
                <link>http://english.people.com.cn/mediafile/200907/07/P200907072014551663971071.jpg</link>
            </images>
            <videos>
                <link>http://www.youtube.com/watch?v=DN3gUoWTnkY</link>
                <link>http://www.youtube.com/watch?v=8AzlgXQaJ3I</link>
                <link>http://www.youtube.com/watch?v=e3jkr7fsdsc</link>
                <link>http://www.youtube.com/watch?v=KwCHfBfF1m4</link>
            </videos>
            <social_networks>
                <link>https://twitter.com/#!/UYGHURS</link>
            </social_networks>
            <external_links>
                <link>http://english.cntv.cn/english/special/0705riots/UrumqiRiots/index.shtml</link>
                <link>http://cnreviews.com/life/news-issues/urumqi-riots-western-chinese-narratives-truths_20090708.html</link>
                <link>http://forum.globaltimes.cn/forum/showthread.php?t=912</link>
                <link>http://www.telegraph.co.uk/news/worldnews/asia/china/5756766/China-riots-Twitter-and-YouTube-frustrate-censorship-attempts.html</link>
            </external_links>
            <related_orgs>
                <orgRef>World_Uyghur_Congress</orgRef>
            </related_orgs>
            <related_people>
                <personRef>Rebiya_Kadeer</personRef>
            </related_people>
        </crisis>
    </crises>
    <orgs>
        <org>
            <name>World Uyghur Congress</name>
            <kind>international org. of exiled Uyghurs</kind>
            <location>80103 Munich, Germany</location>
            <history>The World Uyghur Congress (WUC) is an international organisation that represents the collective interest of the Uyghur people both in East Turkestan and abroad. The WUC was established on 16 April 2004 in Munich, Germany, after the East Turkestan National Congress and the World Uyghur Youth Congress merged into one united organisation. The main objective of WUC is to promote the right of the Uyghur people to use peaceful, nonviolent, and democratic means to determine the political future of East Turkestan. The WUC is a democratic organisation. All of WUC leadership was democratically elected by the participants from all over the world in the General Assembly. They all serve a three-year term. WUC has close contacts and working relations with most Uyghur organisations in the world that peacefully promote human rights, religious freedom, and democracy for the Uyghur people in East Turkestan. </history>
            <contact_info>
                <email>contact@uyghurcongress.org</email>
                <phone_number>0049 (0) 89 5432 1999</phone_number>
                <address>80103 Munich, Germany</address>
            </contact_info>
            <images>
                <link>http://tibettruth.files.wordpress.com/2009/07/uyghur_xinjiang_flag.gif</link>
            </images>
            <videos>
                <link>http://www.youtube.com/watch?v=877rMmw-7lA&amp;feature=results_main&amp;playnext=1&amp;list=PL08BA542027862B39</link>
                <link>http://www.youtube.com/watch?v=5LNuLzqk00c</link>
            </videos>
            <social_networks>
                <link>https://twitter.com/#!/UyghurCongress</link>
            </social_networks>
            <external_links>
                <link>http://www.uyghurcongress.org</link>
                <link>http://tibettruth.com/2009/07/07/statement-by-the-world-uyghur-congress</link>
            </external_links>
            <related_crises>
                <crisisRef>Xinjiang_Riots</crisisRef>
            </related_crises>
            <related_people>
                <personRef>Rebiya_Kadeer</personRef>
            </related_people>
        </org>
        <org>
            <name>International Criminal Court</name>
            <kind>International Tribunal</kind>
            <location>Hague, Netherlands</location>
            <history>The International Criminal Court (ICC), governed by the Rome Statute, is the first permanent, treaty based, international criminal court established to help end impunity for the perpetrators of the most serious crimes of concern to the international community. The ICC is an independent international organisation, and is not part of the United Nations system. Its seat is at The Hague in the Netherlands. Although the Court's expenses are funded primarily by States Parties, it also receives voluntary contributions from governments, international organisations, individuals, corporations and other entities. The international community has long aspired to the creation of a permanent international court, and, in the 20th century, it reached consensus on definitions of genocide, crimes against humanity and war crimes. The Nuremberg and Tokyo trials addressed war crimes, crimes against peace, and crimes against humanity committed during the Second World War.
In the 1990s after the end of the Cold War, tribunals like the International Criminal Tribunal for the former Yugoslavia and for Rwanda were the result of consensus that impunity is unacceptable. However, because they were established to try crimes committed only within a specific time-frame and during a specific conflict, there was general agreement that an independent, permanent criminal court was needed.
On 17 July 1998, the international community reached an historic milestone when 120 States adopted the Rome Statute, the legal basis for establishing the permanent International Criminal Court. The Rome Statute entered into force on 1 July 2002 after ratification by 60 countries. </history>
            <contact_info>
                <email>visits@icc-cpi.int</email>
                <phone_number>+ 31 (0)70 515 8515</phone_number>
                <address>Po Box 19519
2500 CM, The Hague
The Netherlands</address>
            </contact_info>
            <images>
                <link>http://archive2.globalsolutions.org/files/general/icc.jpg</link>
                <link>http://upload.wikimedia.org/wikipedia/commons/thumb/a/ae/International_Criminal_Court_logo.svg/673px-International_Criminal_Court_logo.svg.png</link>
            </images>
            <videos>
                <link>http://youtu.be/zfo7lMnR4O8</link>
            </videos>
            <social_networks>
                <link>http://www.facebook.com/pages/International-Criminal-Court/106219979409522</link>
                <link>http://twitter.com/#!/IntlCrimCourt</link>
            </social_networks>
            <external_links>
                <link>http://www.icc-cpi.int</link>
            </external_links>
            <related_crises>
                <crisisRef>Libyan_Civil_War</crisisRef>
            </related_crises>
        </org>
        <org>
            <name>Amnesty International</name>
            <kind>non-governmental organisation focused on human rights</kind>
            <location>Global, General secretariat in London</location>
            <history>Amnesty International (commonly known as Amnesty and AI) is a non-governmental organization focused on human rights with over 3 million members and supporters around the world. The objective of the organization is "to conduct research and generate action to prevent and end grave abuses of human rights, and to demand justice for those whose rights have been violated." Amnesty International was founded in London in 1961, following the publication of the article "The Forgotten Prisoners" in The Observer 28 May 1961, by the lawyer Peter Benenson. Amnesty draws attention to human rights abuses and campaigns for compliance with international laws and standards. It works to mobilize public opinion to put pressure on governments that let abuse take place. The organization was awarded the 1977 Nobel Peace Prize for its "campaign against torture", and the United Nations Prize in the Field of Human Rights in 1978</history>
            <contact_info>
                <email>Various department emails available at www.amnesty.org.</email>
                <phone_number>+44-20-74135500</phone_number>
                <address>1 Easton Street
London
WC1X 0DW, UK</address>
            </contact_info>
            <images>
                <link>http://www.codoc.org/wp-content/uploads/2012/04/amnesty.jpeg</link>
            </images>
            <videos>
                <link>http://www.youtube.com/user/AmnestyInternational</link>
            </videos>
            <social_networks>
                <link>http://twitter.com/#!/amnesty</link>
            </social_networks>
            <external_links>
                <link>http://www.amnesty.org</link>
                <link>http://www.amnesty.org/en/news/iran-must-avoid-excessive-force-against-green-movement-protests-2012-02-13</link>
            </external_links>
            <related_crises>
                <crisisRef>Syrian_Uprising</crisisRef>
                <crisisRef>Xinjiang_Riots</crisisRef>
                <crisisRef>Libyan_Civil_War</crisisRef>
            </related_crises>
            <related_people>
                <personRef>Rebiya_Kadeer</personRef>
                <personRef>Mustafa_Abdul_Jalil</personRef>
                <personRef>Bashar_al-Assad</personRef>
                <personRef>Mir_Hossein_Mousavi</personRef>
            </related_people>
        </org>
        <org>
            <name>International Campaign for Human Rights in Iran</name>
            <kind>Campaign</kind>
            <location>Netherlands</location>
            <history>In late 2007, human rights activists working in the framework of the Dutch nongovernmental organization Foundation for Human Security in the Middle East resolved to found an international initiative focused on the urgent challenges faced by the Iranian people, and in particular civil society and the human rights community.The human rights community in Iran is in an exposed and dangerous position, subject to severe persecution and without effective support from the international community. International tensions provide a pretext for increasing repression within Iran, and remove human rights from the international agenda. The vibrant social movements in Iran movements, inter alia, of women, students, and workers work courageously in an un-free environment, subject to tremendous official pressures. They urgently need and welcome international concerns and solidarity, which must be strengthened through more effective support from international civil society and intergovernmental institutions.</history>
            <contact_info>
                <email>info@iranhumanrights.org</email>
                <phone_number>0000000</phone_number>
                <address>Netherlands</address>
            </contact_info>
            <images>
                <link>http://www.iranhumanrights.org/wp-content/uploads/Ronaghi21-300x2171.jpg</link>
            </images>
            <videos>
                <link>http://www.youtube.com/watch?v=B-Kmb1Hm0n0&amp;feature=player_embedded</link>
            </videos>
            <social_networks>
                <link>http://www.facebook.com/pages/International-Campaign-for-Human-Rights-in-Iran/49929580840</link>
            </social_networks>
            <external_links>
                <link>http://www.iranhumanrights.org</link>
            </external_links>
            <related_crises>
                <crisisRef>Iranian_Green_Movement</crisisRef>
            </related_crises>
            <related_people>
                <personRef>Mir_Hossein_Mousavi</personRef>
            </related_people>
        </org>
    </orgs>
</everything>
